"iter","train_rmse_mean","train_rmse_std","test_rmse_mean","test_rmse_std"
1,2513.08527472754,3.02677127885558,2514.32381251714,13.0403371097929
2,2405.94461606572,3.03517413071991,2408.01034154051,13.2048085683845
3,2303.93579962738,2.95220396368225,2306.91471680203,12.7613594883714
4,2246.99786641358,2.82483623624483,2251.59968853283,13.0983921054254
5,2154.19394644912,2.81860832467236,2159.33976441937,12.7700105278191
6,2064.39658174809,2.93466489104697,2070.365632589,13.0095659357365
7,1979.66647538934,2.76347693296934,1986.19720340633,12.3743725704692
8,1899.53593533492,2.92012115157248,1907.11956488889,12.2474683911445
9,1823.99580258229,2.31270312551775,1832.56081019431,13.2460060693396
10,1751.14990951901,2.1215585885138,1761.37068696974,13.3143397434501
11,1696.75065117589,2.62299873357453,1708.34670890337,14.1078804683658
12,1630.26347363996,1.99358674682019,1642.88256271167,15.2477897645854
13,1567.88706253643,1.77074243236414,1581.28639598354,15.3164313115748
14,1521.73415270443,1.16140180957302,1535.96011061241,16.9146432214178
15,1464.16424116548,1.41000458225868,1479.33707118463,17.4289632577941
16,1409.72945869065,1.68534318147455,1425.77378120237,18.0511049450457
17,1370.92589500459,2.50732074429424,1388.28133146128,18.1154190095956
18,1322.6702836217,2.57244758010142,1340.94680674041,18.2979947854866
19,1274.67808661749,2.94202831099121,1293.68318498005,18.6368825644477
20,1240.68017468858,3.49664210959453,1260.49687635806,19.1938134887177
21,1197.07184372981,3.36441546666754,1217.58276788998,19.8162218593906
22,1155.81539819172,3.5182234860983,1177.43853538214,20.3460114713109
23,1126.99251897725,3.34992978602902,1149.64975730923,21.4399408093903
24,1091.05866294687,3.30636961104579,1114.46208527227,22.1463456694182
25,1055.61908271775,3.07854544968926,1080.10004071502,22.5332944678162
26,1021.07183631505,3.31838126562558,1046.45145791285,23.0542022912455
27,1004.1285427224,3.64940564174527,1030.94254944646,23.0886805023369
28,975.439700680987,3.5204728704659,1003.39501529129,23.537387901469
29,946.416807662642,3.59052079094003,975.457158414531,23.1628718581376
30,926.501568301426,3.56767021321924,956.543251471374,23.5924616943687
31,899.272972100834,3.98490673381292,930.241611076051,23.4239537279129
32,873.054762863761,3.83374729272887,904.581139732639,23.5152121889702
33,849.093710156367,4.06038323590602,881.268875461412,23.6157040798906
34,825.844988958365,4.3002061858766,858.759185522487,23.9832374041193
35,804.429559352482,4.47772902995485,838.159193679239,23.8001766241368
36,790.330783320843,4.31062488089592,824.689049310477,23.967660182935
37,771.712446795084,4.38762736264477,806.760055758193,23.7697310993148
38,761.749504067412,4.23248691238098,798.026762955141,23.1362312331133
39,742.869993539948,4.23444263367438,779.777080900692,22.9140852034581
40,725.592568729256,4.25931730699948,763.211928437378,23.3862645000741
41,709.345343260547,4.37180142235669,747.740370398431,23.2562340285972
42,698.490859219595,4.36331003001788,737.446875198135,23.0899226857826
43,683.698613486635,3.84191050847297,723.238904793405,23.9327986523701
44,670.472924225051,3.81020075756515,710.846409851007,24.0914708109833
45,657.274444934123,4.06041082658651,698.325200546603,23.7739339136889
46,644.269835213119,4.33585543289286,686.128802026672,23.6669812637693
47,632.379335260482,4.30812104253713,675.171724652752,23.6499466340338
48,623.686249427671,4.4059301086465,667.140434000303,23.6991760804549
49,613.378073609229,4.30625319253438,657.443639530539,23.7688763168515
50,603.352103186761,3.88537074455354,648.113006861762,24.3663128582659
51,593.55088435498,3.55732765441432,639.00695567787,24.2102057783969
52,584.87385497209,3.4639652442848,631.15642913033,24.0063416243878
53,577.185746027514,3.31440605419962,624.397320107475,23.9943357424815
54,571.105593694938,3.49132737189882,618.791713531711,23.7814861982387
55,563.383519517267,3.23548046043607,611.787696911491,23.7479317796789
56,555.495448724611,3.09219562845337,604.561549804545,23.7193710958884
57,549.379596771569,2.9695302570277,599.175336364204,23.4353005143385
58,544.681440819084,2.89793238128886,595.013847203643,23.3146452712791
59,537.652166977163,2.95278023296035,588.560153174713,23.4797400820766
60,532.729863670718,3.07165441291293,583.953503045014,23.2271970646653
61,526.403140291628,2.86705044326482,578.328609277568,23.3111458038799
62,520.297126011245,2.68867294010677,572.642573172785,23.4181181281134
63,515.471194467102,2.50371997294398,568.296294603146,23.4536445928965
64,509.771032842528,2.08308814678778,563.053344814919,23.7731120907735
65,505.652744335412,2.11646944621543,559.345231595634,23.6546492411262
66,501.510863347733,2.13359028214613,555.551557698027,23.369533173309
67,498.135277389928,2.2354442784415,552.59448587876,23.1779719712194
68,492.95979993308,2.17309272483228,547.855217144855,22.8875697879034
69,488.413430382991,2.10475225127079,543.85688483182,22.7164078406415
70,484.369792922428,2.2393682913388,540.440402225604,22.4663300090053
71,480.495402523202,2.31780813932753,537.133108578423,22.3992906424004
72,477.270069189663,2.34156638696888,534.272858913457,22.1879102201244
73,474.102180785247,2.45911641532016,531.448569008402,21.903991030096
74,471.022563285362,2.52274286907438,528.728749910331,21.7864250551237
75,468.260408891837,2.61812405320427,526.36555528847,21.6547067748405
76,464.469616688169,2.61838068698734,523.081901591659,21.5248499336203
77,460.865557676696,2.60425040069618,520.021267165459,21.0440761270581
78,458.065552144152,2.65334796721948,517.51305139055,20.9045057646579
79,454.702309183941,2.66336669000238,514.652133221317,20.8991444764508
80,451.559068069244,2.55701411310982,512.00155277641,20.939397632361
81,448.514198554102,2.62241137646858,509.520106270666,20.6705418915458
82,445.801538855674,2.56486320905594,507.251410821431,20.6884416505884
83,443.368004892169,2.65406644807164,505.047962879879,20.5110912389254
84,440.823644603574,2.57614535293544,502.958199126299,20.6111184970117
85,438.492678591426,2.60568640712558,501.135718214694,20.3837920664868
86,436.16739186881,2.41334481839699,499.238578770283,20.4847469527769
87,433.891095884303,2.43515657974885,497.334232516222,20.4823992317574
88,431.69497880592,2.32879718359743,495.567175045878,20.6693076569835
89,429.407434220021,2.36428801807605,493.88040374071,20.5585293851829
90,427.456085236897,2.38719611889277,492.515542538164,20.3412301639455
91,425.899501747008,2.1373450310773,491.286060892555,20.4298988823337
92,424.097243502053,2.113786571891,489.844253482898,20.308041001086
93,422.2888741223,2.07783608257547,488.253728566158,20.1993778639
94,420.359757448259,2.09193892106572,486.734099392035,20.0113344766575
95,418.738550617961,1.95288600658309,485.664271528429,20.1083807117548
96,417.474003307299,1.77833216662626,484.623267689031,20.1745782351322
97,416.052569279803,1.8809772367961,483.451633689323,20.0910385109621
98,414.488727740465,1.81017069555232,482.294763796282,20.2784253645316
99,412.961783773779,1.78462832637695,481.292310506557,20.0670085590064
100,411.135895280884,1.79369612285111,479.933563663611,20.0252211663311
101,409.470272940065,1.7755152376393,478.47962002266,19.8650705973355
102,407.912235568305,1.80771030642991,477.293461885987,19.6845035769131
103,406.691989621669,1.88628729019368,476.283855368373,19.4276143019085
104,405.650365982992,1.70707943579808,475.543165995659,19.5193753335445
105,404.236175691683,1.70140002252695,474.432717658611,19.3394256249303
106,402.752296821391,1.73564005726875,473.199221882093,19.0002765108662
107,401.624668465084,1.74947658497361,472.337398681911,18.7857170672545
108,400.383114220407,1.73650987395946,471.368516238466,18.8087534318586
109,398.857855705884,1.80731396058158,470.348193140428,18.7515692809383
110,397.884172733664,1.83643762436829,469.633656670629,18.6604502475195
111,396.674132027631,1.79340845364905,468.80975529725,18.5325292331105
112,395.489621392341,1.88519446858636,468.007085583992,18.5462821570979
113,394.066796621714,1.84852640147589,466.810410475099,18.5832376383179
114,392.699316583199,1.98768851072107,465.949518593119,18.5244339137916
115,391.497375800029,2.00841094940013,464.948958603868,18.2133632399474
116,390.521481017729,2.11461410516079,464.183920590913,18.240605415452
117,389.358313344563,2.03267127579221,463.28934222448,18.2688083233304
118,388.726659271567,2.113025882316,462.733002169515,18.1592176931828
119,387.724490051523,2.29319807264851,462.069694909101,18.0552678662196
120,386.649154481277,2.2096659378846,461.440249680151,17.7732330147357
121,385.392394301766,1.89102073400746,460.46420743158,17.8388499289397
122,384.597886134954,1.88873616325201,459.925928347145,17.8738663716265
123,383.433165656233,1.86090133532881,459.135885588268,17.826631300321
124,382.468875780721,1.74477920345519,458.537246057516,17.9477975525016
125,381.831358216598,1.79713596690768,458.061849859483,18.0133797924688
126,380.809261354644,2.08562853403567,457.194484793302,17.6929114008316
127,379.93158594588,1.97129393842346,456.631970462213,17.7650516006562
128,379.044901273791,1.95316872455703,456.031041442339,17.5358187079144
129,378.146625410112,2.16399960695406,455.440398373945,17.2169645072787
130,377.538272504513,2.20351108884927,454.830572042394,17.1246910164809
131,376.70126977651,2.35038694968567,454.332802153917,17.0876634909182
132,375.894175894696,2.33420231660581,453.921932832673,17.0047013300621
133,375.228251945234,2.38664693651893,453.533891099564,16.9728609647159
134,374.483280670921,2.39321446128586,452.97003235795,16.9886069482548
135,373.742114885609,2.35293827252309,452.404697742435,17.1944785458207
136,372.935425061996,2.50924650825224,451.937712907764,17.0770580878808
137,372.198390945699,2.53848677220892,451.539580324569,17.0184368571755
138,371.4666058461,2.58173175015251,451.068453340763,16.9466445257826
139,370.77653198497,2.57653803934043,450.476629866111,16.7176667997647
140,370.251388691433,2.531710885565,450.104161346699,16.7682595497701
141,369.583206232053,2.45983020900017,449.678022773204,16.7959755712769
142,369.085485725986,2.3786241997855,449.333316631132,16.8276292183985
143,368.29122751509,2.27331567027576,448.821671409535,16.7399726429819
144,367.448908649873,2.20463629642202,448.326519229397,16.665173956158
145,366.648790516456,2.09156808172478,447.747021443953,16.7578661134463
146,365.944798397881,2.06020461386046,447.133889085613,16.696053671584
147,365.308293136655,2.12506070141449,446.704463718406,16.5729679883343
148,364.478608805151,2.13657614725435,446.022116882185,16.3855145866408
149,363.876798015631,2.18449582814626,445.805436602503,16.2194443633073
150,363.309796226068,2.24749996098877,445.466987962303,16.236519694855
151,362.6970621853,2.39075623009934,445.049129320388,16.0645949810799
152,361.984027633224,2.31112184513218,444.585628535699,16.0238134567599
153,361.469227542505,2.4459493600918,444.33881955742,15.8760498188262
154,360.841762538779,2.41170124245546,443.962243407319,15.9862309822954
155,360.245404261323,2.40540368610324,443.577804661076,15.7815894080071
156,359.814512414863,2.41236782561646,443.362503408799,15.7956274076736
157,359.243943275206,2.40711580320777,442.997547954387,15.7585558970572
158,358.681595041983,2.29937306896021,442.605717046424,15.7341459485858
159,358.280011256318,2.39971725448995,442.332260953735,15.5613183620985
160,357.584325900427,2.15603957109074,441.82368232335,15.8137677850445
161,356.962178979571,2.28918895727739,441.456312653408,15.7441803786851
162,356.419448348901,2.1879030660529,441.094751403081,15.7397076448761
163,355.899407661516,2.12934133243911,440.798970506132,15.7028992712515
164,355.418363349657,2.03562296411441,440.551953676978,15.8011571547118
165,354.884614845702,1.92083644170708,440.309053673643,15.8290747893746
166,354.306082679097,1.83723561868684,439.919058001076,15.9942380417899
167,353.78874130121,1.79571415047277,439.632282909451,15.9453480545058
168,353.112915985921,1.76339297871132,439.153273721571,16.012415679045
169,352.624658305912,1.91458212754436,438.852411471485,15.9163689922468
170,352.180071225581,1.94218997967865,438.750905000709,15.8267937268168
171,351.763078928718,1.98853545597965,438.555710783647,15.6454340943154
172,351.261968625117,1.98854445263463,438.30716095594,15.5870444619003
173,350.740444102989,1.96388251334311,437.967497934873,15.5822359749409
174,350.203708147946,1.96446108793582,437.653012087368,15.6514431977679
175,349.79276636425,1.97329688105598,437.489187177361,15.5874457513195
176,349.306943681352,2.0537833914216,437.213203764111,15.5546581160883
177,348.815296858674,2.05456678707222,436.914182832952,15.4588974396712
178,348.247823308383,2.04955629377843,436.664091545437,15.3064914408857
179,347.83275644625,2.01457180069206,436.507423857369,15.2210190544367
180,347.368013818558,1.99520408438997,436.276704507657,15.2340296203001
181,347.022364949988,1.94622463385188,436.086131881819,15.3146812041839
182,346.5072341161,1.75593930039472,435.839861556202,15.466738230311
183,346.005448723445,1.66529185736066,435.551538446061,15.4696792717201
184,345.303882765978,1.56642548652907,435.178922201405,15.4593166448805
185,344.896123755039,1.55298530443778,434.936582361129,15.3789620794834
186,344.407903881408,1.42621241358081,434.574627168346,15.4001300984856
187,343.847334959772,1.45037054684219,434.211231539572,15.156964883201
188,343.344477403304,1.42702937395979,433.879885070082,15.1169668080164
189,342.859076355766,1.48260516254906,433.60376262135,15.2268593224129
190,342.529134690889,1.47084386131281,433.455049044936,15.1813261266514
191,342.182051260705,1.44881370451513,433.324617973176,15.1448081156676
192,341.711464486464,1.52168519722222,433.16443167142,15.0401233926305
193,341.259643379886,1.58318839117625,432.867362081839,15.0197405754428
194,340.902140447694,1.60116693172507,432.680752214044,14.9262955836238
195,340.393253207135,1.61117569188276,432.341145745412,14.8186478896036
196,339.913333125587,1.68943384151243,432.12971957182,14.750416490819
197,339.38701112423,1.62379474825415,431.809261172945,14.7023827424237
198,338.901824055942,1.67398109714066,431.525364263981,14.572393260487
199,338.49523281395,1.70249920439816,431.326667112095,14.5303877859795
200,338.134030631546,1.67461416372249,431.258126522815,14.4486488159064
201,337.646971901381,1.79323938959269,430.957530073947,14.3079052070969
202,337.331290422359,1.82844031861481,430.831206822772,14.2935569801368
203,336.888727437274,1.82184553382019,430.594579022132,14.2720599493213
204,336.41357905526,1.68833548532815,430.426110355658,14.418751822186
205,335.869537002001,1.63276145772115,430.159675330785,14.5424635077963
206,335.380948564392,1.67716796677649,429.849560851492,14.5159222687596
207,334.949054904057,1.73658319513433,429.547546738377,14.4079333380024
208,334.579008156533,1.85147909811466,429.414611705439,14.2863889928555
209,334.339262134346,1.83748466967422,429.329404013923,14.2229173214174
210,334.042514438854,1.85453200439856,429.152252435871,14.0912158646056
211,333.63480826015,1.76720232252369,428.85599536352,14.0410832805176
212,333.235260962902,1.72638121096729,428.691252219011,13.9830508288641
213,332.803685409129,1.67749506348946,428.513577099045,13.9370284028757
214,332.416307087974,1.56526595642925,428.279154513864,14.003646381318
215,331.936275791429,1.45205966920157,427.958682730244,14.0818744094892
216,331.55138611147,1.57145145565484,427.736796652038,13.9563760918979
217,331.257660223113,1.58961800553711,427.615784623507,13.9662106074548
218,330.849857836457,1.54414240166919,427.392582084799,13.9517920339745
219,330.495459327526,1.59943074993491,427.240191390801,13.8869176002117
220,330.035386420497,1.50630987236214,427.009751771324,14.0517506087755
221,329.742085188514,1.50341717250741,426.789925461142,14.0694377187457
222,329.286189795433,1.57561343078178,426.612387161046,14.0457875269305
223,328.938259069964,1.62211835542486,426.534745910008,13.9990930145214
224,328.58377892707,1.65118834894463,426.307568475642,13.9920280419172
225,328.21449658496,1.56032943594814,426.087441582494,14.0762035956405
226,327.80896208137,1.40258660976204,425.878210356664,14.1478374877164
227,327.408509981415,1.44041540792091,425.713065519371,14.09170722061
228,327.038794879489,1.44612174414775,425.465889394094,14.0935144313029
229,326.672042011152,1.4004415363532,425.361459472758,14.035493167527
230,326.16503668542,1.36670713520311,425.093613164534,14.0900877033781
231,325.694259149075,1.4607033722423,424.871027490315,14.1343653790508
232,325.192312640227,1.40345665806895,424.570808976962,14.1537141472778
233,324.920256262147,1.38900532590015,424.513587761842,14.2079136220281
234,324.545868108403,1.33148528490191,424.273602724918,14.1001702072813
235,324.092393879146,1.33925164767757,424.064284569941,14.0999034939685
236,323.744260839147,1.3333359688078,424.022459625582,14.0427373633181
237,323.366284924183,1.3279940011451,423.897993378073,13.9965666294588
238,323.023954447645,1.20602154340862,423.656761947497,14.0381428143513
239,322.665555660784,1.20286142579941,423.579017647929,14.0841529631428
240,322.202095158876,1.09837157791938,423.383764498929,14.1709809263251
241,321.86294840223,1.02993607530405,423.227240589917,14.2203369403482
242,321.557075308053,1.08620846128347,423.070141123367,14.1704352963435
243,321.171804608123,1.17191248164961,422.90683416484,14.2139177759875
244,320.836107184399,1.17043797176679,422.76597274354,14.1931473348267
245,320.505716002073,1.17664811001998,422.669395234545,14.1913022157926
246,320.237013358318,1.21235246388993,422.477465241819,14.1494201011461
247,319.929577562746,1.33759511885398,422.319485452549,14.0528104902578
248,319.58100690445,1.32372852066458,422.140105908716,14.1358876270785
249,319.29657344889,1.38837383675876,422.019110708935,14.1270909125793
250,319.042275199309,1.38210315900037,421.971439044495,14.097125033637
251,318.521255307819,1.41262834682225,421.672176312237,14.045100816821
252,318.28801654518,1.43888516439711,421.571881036574,13.9653208583903
253,317.948157991345,1.48742811273881,421.496569548724,14.0089299403202
254,317.672093673666,1.56091970821588,421.466728578157,13.9670067377756
255,317.371995435647,1.56978753078295,421.330310211013,13.9433986091001
256,316.963026204298,1.52477179447095,421.196026758436,13.9116666999458
257,316.589246073331,1.49588252977598,420.983368109254,13.9864379786959
258,316.236092430325,1.5517230267665,420.806146487855,13.9244244548415
259,315.952253826767,1.55140156815573,420.70735087301,13.937457021338
260,315.559289896818,1.49785139754486,420.491429403131,13.9195826150849
261,315.28522794111,1.40557219409323,420.414156060486,14.0040097486597
262,314.905044848266,1.31845521107466,420.267400011435,14.0736179149168
263,314.512894867543,1.22607028515464,420.079709069304,14.0930129945522
264,314.115894692355,1.17900061118936,419.931180723602,14.118866506389
265,313.802658839506,1.11208814683009,419.771830154682,14.0205864091982
266,313.452735859421,1.07236047250674,419.681504848469,13.9565863339727
267,313.197983021581,1.03494703104079,419.577735116161,13.9699270803877
268,312.921240820333,1.04913734852237,419.467790919597,13.9514124063444
269,312.554184497689,0.992356314700946,419.21334541126,13.9494182362504
270,312.275843835394,0.983098151716433,419.119519380389,13.9334382936697
271,311.995505568246,0.974842586709669,418.98617934604,13.9459013886307
272,311.779133342948,0.958508605912732,418.898905805295,13.9524092658929
273,311.42569621328,0.96661800975802,418.732723163058,13.9189159632198
274,311.14208070293,1.02569915690044,418.600560398953,13.9409783731005
275,310.787278557426,0.970433575879477,418.428241139065,13.9616165290019
276,310.481699113631,0.994509574998887,418.290498296234,13.9006922948606
277,310.166137150129,0.976792526375223,418.189650406161,13.9672136914744
278,309.847164254038,0.997294671402132,418.075341806785,13.913116049191
279,309.600235013734,1.00493701618515,417.957710785601,13.9154926548018
280,309.262788501618,0.975900370232732,417.811048332298,13.8766017904353
281,308.958678677233,1.00470373224128,417.685305312619,13.8847134004426
282,308.691980604645,0.981088732453781,417.655420887277,13.9046971790907
283,308.382555971235,0.922468654535642,417.547859449511,13.8523557413436
284,308.09294762687,0.912569400781965,417.442642544278,13.8691548141342
285,307.822508867154,0.935266610231185,417.342449929738,13.7596587320643
286,307.577813212354,0.95614836215931,417.286828303454,13.7803105701902
287,307.234369379715,1.03913752673406,417.174925912757,13.7241091175081
288,306.985957447607,1.12631477151771,417.011973167442,13.5906705109971
289,306.74931223043,1.14389566127573,416.871663994315,13.5637989542264
290,306.423197580023,1.16447029015862,416.760723691156,13.5219455220113
291,306.053124011193,1.0838823918464,416.652862847523,13.538760374221
292,305.780872509866,1.03590368632958,416.574264219586,13.5532337915825
293,305.48445545606,1.09746906320456,416.452318194424,13.5097212533773
294,305.305658160679,1.0773785153115,416.429406326545,13.4535271093788
295,305.075841897231,1.07500579952788,416.306410222444,13.3484817698434
296,304.816966144567,1.06044347970074,416.203911696849,13.3447763131174
297,304.583991225231,0.9773608832536,416.109632632794,13.3331536223989
298,304.297776588542,1.00922289524942,416.010801772796,13.3810250528966
299,304.115929518596,1.02729625819944,415.996399946537,13.4227709647248
300,303.809204019462,1.03273129959219,415.87791293838,13.4038024425984
301,303.522177435646,1.05845249361461,415.74619222966,13.28290891615
302,303.258869390209,1.05049597931659,415.661417144573,13.2711185760008
303,302.940902071738,1.11012881212933,415.502884765728,13.2575650832816
304,302.613914780376,1.17366170292003,415.428710943947,13.1667493016081
305,302.387997136455,1.10421894383449,415.416514589723,13.1862251911461
306,302.094742974075,1.17126657063952,415.299535868143,13.1501005884908
307,301.826778420917,1.18712135174088,415.260036438082,13.1755901150538
308,301.570346528591,1.16937504075,415.148856555026,13.1459505116528
309,301.285290160003,1.06541263298965,415.093179195584,13.1530822447872
310,301.083815301582,1.07042202465932,415.092514576448,13.1717633851384
311,300.843385592696,1.11166102892782,415.022675221227,13.1439656013107
312,300.588193459288,1.1661371970904,414.959362998882,13.1792183940004
313,300.300555452482,1.17904463621285,414.855671667731,13.1885080995372
314,299.971640139673,1.14223042713396,414.741974742935,13.1786671521814
315,299.648013948334,1.14201876449154,414.613929507823,13.1723152216243
316,299.411189162737,1.11436569469175,414.471680132857,13.224091998229
317,299.169399887475,1.08963681699015,414.428196208692,13.1766796182504
318,298.895069309542,1.0451524363088,414.351933172507,13.1388150332914
319,298.731510377911,1.01098664651809,414.314134148689,13.180928960658
320,298.49741608702,1.11617951474185,414.297700007989,13.1533800223745
321,298.293786963452,1.11724337223748,414.260101352448,13.1640758596668
322,298.064890488908,1.06814258597389,414.164787779774,13.2049975258305
323,297.816993987929,1.01836648738242,414.014049784279,13.2067865802147
324,297.551917048112,1.0703667385671,413.94676686658,13.2188192144477
325,297.339481522968,1.09004060471689,413.831281952442,13.2784343577778
326,297.100158242969,1.03112321245149,413.713704313768,13.2509046624046
327,296.837525061988,1.04670909665484,413.652879381247,13.2461774306186
328,296.620583368815,0.989822459201888,413.550191425503,13.2370369696847
329,296.350177567374,0.966564648515998,413.432147873739,13.2661511327263
330,296.146638856894,0.957045764020255,413.37068849446,13.2083555057406
331,295.918610122311,0.977989913749444,413.327927214602,13.2722019931422
332,295.683849734938,1.01435044634609,413.27530780636,13.2782527429214
333,295.482051269801,1.04887534092306,413.183648849859,13.2871087624367
334,295.282276952642,1.07705518215553,413.073828799195,13.2151341763034
335,295.022122683392,1.02897318967636,412.995761856336,13.2128259202303
336,294.843213460854,1.07305777324039,412.955912795735,13.1930604748554
337,294.624903983781,1.13048157593076,412.874994127224,13.1688556203497
338,294.388222310415,1.04846190052585,412.849438595347,13.1988287938404
339,294.159589041282,1.02417469724064,412.776249478206,13.1449413279257
340,293.935307276199,0.958679527990235,412.678874679646,13.1665849778121
341,293.632383415347,0.964189193164076,412.653828941556,13.1056538114255
342,293.430750605672,0.918506124806336,412.654374388008,13.0675604755742
343,293.189103135918,0.912068988025132,412.58011454614,13.0706298813325
344,292.977630292633,0.885438584097276,412.513336622053,13.0771735181307
345,292.79169948042,0.916068771781201,412.470859592955,13.0568060858372
346,292.581186612359,0.922840901745292,412.439998998159,13.0373226278701
347,292.270979270614,0.931878378918094,412.376998636619,12.9644674559784
348,292.081151236951,0.899354027301901,412.309051178238,12.9622116225759
349,291.927450112818,0.897234218221234,412.23118418767,12.9647817047011
350,291.753541039214,0.875676051539506,412.178533091343,12.9223287471337
351,291.41163147079,0.84244380467909,412.113498654696,12.8614152211013
352,291.214000271732,0.888505319978051,412.074013637371,12.8140307205617
353,290.984135969361,0.917632378840136,412.023031400534,12.793937080146
354,290.683629173542,0.900520430994428,411.936015458269,12.6976650336656
355,290.523322516531,0.929044426692849,411.960499682309,12.7321685104575
356,290.310189843678,0.906164018467856,411.88370763313,12.7468940378351
357,290.095758742313,0.896872318966769,411.787709412681,12.6708762173033
358,289.9256992367,0.901598095320469,411.725318291374,12.628807493334
359,289.782724070752,0.945777575896215,411.721943010392,12.6755509307061
360,289.506819734907,0.867950541826351,411.649612356452,12.7319553502854
361,289.305567323785,0.899628156283504,411.677688120079,12.7141652230157
362,289.110428223474,0.941478450854171,411.698595586101,12.7777265310919
363,288.82931514441,0.92957142470959,411.572834858168,12.7966089260662
364,288.639520833732,0.951476468764626,411.567237984253,12.7583833302512
365,288.421246786341,0.869261312140335,411.49943456885,12.773026584481
366,288.204870479931,0.813166220176453,411.42365827745,12.7706957414241
367,288.02660900679,0.815885682550557,411.381230194553,12.6899302492755
368,287.873944622773,0.868249668417014,411.325473948311,12.6517993325265
369,287.660581738645,0.903927089012814,411.293621929742,12.6716579017465
370,287.475469568845,0.924917064297691,411.340014193022,12.6552031505542
371,287.263510799278,0.961195684423176,411.344649560261,12.6611424288291
372,287.022571666563,1.00796355733568,411.33501037855,12.6292391639489
373,286.753640628905,0.993060122122624,411.248173979505,12.6627185868356
374,286.536141207412,1.00168061406617,411.219563946814,12.6236906804417
375,286.308800874233,0.931121081262553,411.250679765061,12.6315269179117
376,286.133767876248,0.923234881442333,411.26174372829,12.5998553327051
377,285.891464225737,1.01141566779207,411.172392209859,12.554301914197
378,285.676045720973,1.01588997344989,411.137593292799,12.5676015068532
379,285.454229951166,1.02667180435799,411.077827075778,12.5704643597628
380,285.318144540631,1.02432468286606,411.061770167843,12.5361545627607
381,285.093408005154,1.00656675300686,411.055861780572,12.5515008052087
382,284.855885608341,1.00743474942575,410.963222411967,12.5271179902501
383,284.615414608852,1.0315782780628,410.841735199446,12.5361293049919
384,284.436412285752,1.03896154401827,410.806554691627,12.565729441826
385,284.178120460623,0.937497614783903,410.688402618858,12.5780838885775
386,283.920425545947,0.954954365178373,410.619028180669,12.5668755695739
387,283.682955519231,0.985035224748357,410.505224406723,12.5281217259385
388,283.493474437281,0.962195880306947,410.468013322075,12.5025556074471
389,283.331310502882,1.00957211690336,410.407004496733,12.5048720559703
390,283.102205936601,1.07764010758417,410.352867031199,12.5842316103769
391,282.916711493523,1.04323654118758,410.29228708864,12.5626700299
392,282.788262386275,1.00751597794423,410.230720180618,12.5752019931866
393,282.557149949883,1.02210963652759,410.156999935316,12.6040752448347
394,282.324736669694,1.0216955054318,410.114234200163,12.5752933765281
395,282.189856831204,1.0521010493542,410.068506409668,12.6253088449964
396,281.995029351076,1.15299630011827,410.029681589203,12.5770545381848
397,281.757876422153,1.22326520439851,409.934630489633,12.5134449267532
398,281.546256553752,1.27035208474101,409.847592283081,12.5402416881427
399,281.367219402389,1.24007272756148,409.823424564188,12.5160261585745
400,281.182429704202,1.18877556867052,409.769491867812,12.5446158669769
401,280.916787062187,1.15905985824671,409.678309565444,12.5563872249538
402,280.734878327521,1.14682633095568,409.640458140153,12.5485259778924
403,280.528618154857,1.13988388511846,409.53868552566,12.5427088159138
404,280.354422451995,1.18027613938865,409.561859451643,12.5686960378479
405,280.17077052153,1.17821926573728,409.579473304399,12.5437008083524
406,279.985310458798,1.16538660304182,409.535653992092,12.5795131173797
407,279.791261857588,1.14869808245236,409.467736192846,12.5688350187953
408,279.574126388912,1.11139250932197,409.446990590847,12.6080071362948
409,279.45769514325,1.12993657841744,409.451540136742,12.5897337697995
410,279.204765151378,1.11391486673845,409.382669513957,12.5411959108133
411,279.011392568477,1.17391463737986,409.359222952594,12.6132515716522
412,278.797968595021,1.21097227202236,409.314484880855,12.6232094116778
413,278.608473440718,1.18959834678892,409.248998764067,12.6591372594626
414,278.439479861214,1.14614381551794,409.161179864894,12.5925762256432
415,278.276542924127,1.14831956332081,409.141722718343,12.5979486606245
416,278.100272148987,1.10005715377296,409.148592790127,12.6045381011783
417,277.87239242381,1.13990117315051,409.048500927118,12.5714864630356
418,277.665387770597,1.16717778786393,408.979310749318,12.6285573217495
419,277.516999357095,1.213079260022,408.906974908668,12.6664098914403
420,277.318541860828,1.20607940871005,408.87990519772,12.6376705838207
421,277.171827203501,1.19047834907095,408.891105500662,12.5925807282093
422,276.965976208865,1.19397158463248,408.904416365525,12.6236278038032
423,276.799584432521,1.16808638968872,408.894506388518,12.6257437892827
424,276.625440820036,1.19595961728137,408.83526066574,12.5725513587684
425,276.475669650029,1.23408534047509,408.810295972288,12.6092558262581
426,276.318622887618,1.21316582066501,408.776447926197,12.607354064992
427,276.125665979652,1.17233320388203,408.679123565281,12.6296572763616
428,275.97552553072,1.19788059111972,408.694761863322,12.6550187703286
429,275.800346239116,1.23207886913193,408.664193021785,12.6484929544957
430,275.59364739705,1.2807813486306,408.627174044739,12.7045377150873
431,275.450809867408,1.27335747877182,408.664552681026,12.67836793507
432,275.2556088601,1.30030774980388,408.622843090102,12.6443861862891
433,275.130299351494,1.2906814220895,408.599946025137,12.635618868738
434,274.9564806446,1.29144823490302,408.515013251102,12.5974611663651
435,274.801655918239,1.34692644035382,408.437228765138,12.6183778507571
436,274.614014667065,1.35556308765468,408.420810567006,12.6124463756253
437,274.463826236224,1.33108203612494,408.376367999867,12.6248620148913
438,274.277569930712,1.32069378118212,408.325809988109,12.6552420871713
439,274.117467071935,1.28931097385255,408.287759427173,12.7029476148346
440,273.955820458327,1.21153751420633,408.28874044568,12.7569187250032
441,273.811732440036,1.20916136013153,408.299071573006,12.7322573228087
442,273.647600064338,1.20966772991414,408.251168859914,12.7223658761125
443,273.474329470986,1.2198579370017,408.19037480093,12.7166942226761
444,273.353892155254,1.23804982559632,408.177040295631,12.6735626275125
445,273.164375707093,1.22977310618608,408.149830176461,12.6651479173268
446,272.995098744143,1.18425470733875,408.126500524207,12.6808743747691
447,272.801429712748,1.19980986193926,408.085868834893,12.6535990655898
448,272.60014520123,1.24148818670458,408.035085912759,12.6300814577637
449,272.416756494911,1.27180549961544,408.048442162464,12.6251318822445
450,272.213884336118,1.29522707251601,408.008340059853,12.6138114641287
451,272.086955822143,1.26309126948558,407.960863749902,12.6099875879916
452,271.887968037779,1.26418743654233,407.891135790617,12.5662593207579
453,271.673958285312,1.23741598089504,407.804614698952,12.5550876264299
454,271.499908888304,1.21989099249451,407.756503700553,12.6107919759802
455,271.334127528334,1.20282974449136,407.712617908675,12.6487894142235
456,271.166433460324,1.18318826945339,407.711401822601,12.6442681440857
457,271.009404660322,1.2392313297852,407.690959354523,12.5693184560707
458,270.84150050346,1.24062861140182,407.677918352782,12.6078104859947
459,270.622509770949,1.25600773899409,407.633149750231,12.5791033650755
460,270.502975973477,1.24829546298257,407.640834026659,12.5172242093182
461,270.333856756516,1.2492860859597,407.607282633804,12.4883706302624
462,270.223102607107,1.23809339016044,407.609198275439,12.5094464079175
463,270.04124207147,1.28712991901977,407.571700991978,12.5358736678423
464,269.926309183179,1.31337745599627,407.590625561896,12.5448979307757
465,269.765879359127,1.33264876382415,407.575378165729,12.5137303688958
466,269.607825480936,1.31231254306411,407.556293066266,12.5081659006753
467,269.43740758619,1.29977926559611,407.476991217375,12.5129108503399
468,269.246858183412,1.31514676313471,407.391585232703,12.4676914368069
469,269.11895176444,1.30417414376802,407.389233610721,12.4892120069744
470,268.955552211183,1.27461027851044,407.33552303624,12.5239726244791
471,268.763925319831,1.22716304178329,407.293338834809,12.5405264037984
472,268.615265476355,1.24325766632426,407.264108458677,12.5304733349349
473,268.428439219086,1.23968386953251,407.190873231489,12.5472405783551
474,268.274636563049,1.24477084120169,407.14989536244,12.5448129632646
475,268.101824504754,1.28923537786864,407.074255899756,12.5332044683003
476,267.967808607466,1.30496343597081,407.062255642778,12.508330088444
477,267.838728615507,1.32437136831946,407.057530271827,12.46714217405
478,267.663145799857,1.30863772910752,407.036780253329,12.4184183247242
479,267.492168376424,1.31212637507564,406.992405006729,12.414209886428
480,267.354661692316,1.29250381217726,406.983077584106,12.4763838596579
481,267.139798925118,1.32349363247639,406.932718006788,12.4486315110081
482,266.947172303814,1.28968776746429,407.009843929317,12.4312961174688
483,266.779594918743,1.30595226815884,406.963934790644,12.4084893404213
484,266.621783225081,1.35037784723936,406.937962588824,12.3934986102428
485,266.461047289133,1.39056020529273,406.915648773641,12.3715204004127
486,266.313440136196,1.3479520086346,406.913917022148,12.3565286915646
487,266.125397968002,1.30840286526056,406.886792331505,12.3515548418037
488,265.938852056995,1.33036385420167,406.862024918051,12.2583399153495
489,265.757049725771,1.30603671914818,406.875906015243,12.2437306176999
490,265.640399731399,1.30688376115234,406.854951371591,12.2563946349278
491,265.452547272792,1.32442899866866,406.825027054658,12.2760423167586
492,265.287498469525,1.3555873529542,406.795455478077,12.2396675312243
493,265.06661747124,1.35470706658312,406.764212371756,12.270622851585
494,264.922242043334,1.32786282713313,406.762853617031,12.2713136981492
495,264.779110792653,1.33962852486402,406.731343304296,12.2596342610513
496,264.697814377742,1.37343728564521,406.696474114751,12.2370700477733
497,264.532617935908,1.381059681773,406.696170622939,12.1839661833585
498,264.335968825079,1.40869343775179,406.691815458419,12.1469241872946
499,264.171812328043,1.36312939609518,406.651675226478,12.1193840156545
500,264.001510922613,1.35584969003838,406.626711837117,12.1149920691646
501,263.848385113481,1.40291328277103,406.563846335674,12.063820612886
502,263.645319545875,1.41858691417329,406.473860544088,12.0904779754469
503,263.493615698218,1.42924052855003,406.410807801082,12.0607596909483
504,263.334356218101,1.40202384453848,406.394496751783,12.0545711961408
505,263.18995800672,1.42617092105835,406.342293095756,12.0323601958313
506,262.999407546779,1.45845186008708,406.273444659022,12.0346413428516
507,262.835352971491,1.4727174327512,406.244508768815,12.0365307423862
508,262.690724188184,1.51361416762227,406.221490826256,11.9740783088744
509,262.54249921711,1.497345587299,406.174487844639,11.9259586616909
510,262.336223994505,1.50492924899225,406.099976756263,11.9346669547541
511,262.167125202969,1.52299597699029,406.013356966798,11.9626279338567
512,262.027979688887,1.54454958060511,405.992836621184,11.9317769212965
513,261.917923490043,1.52135087907142,405.991939468053,11.9193522227713
514,261.740306017501,1.54364971250958,405.98161185637,11.8756946791331
515,261.551862703341,1.54799444674171,405.968275121325,11.8735930981254
516,261.428719771389,1.5477022060788,405.99298298459,11.8377126350813
517,261.287031028608,1.52748470060463,405.988662254884,11.8572858423327
518,261.124990901456,1.52888681893371,406.047832299314,11.8355929404963
519,260.949369497923,1.53685071135608,405.960897763267,11.8253343286772
520,260.820853658005,1.50789792580027,406.034783572146,11.8249784563577
521,260.675168677704,1.46258268672904,406.028699997616,11.7772960424158
522,260.507294654152,1.42822916949067,405.952922188667,11.7746953077581
523,260.415828760276,1.42245893533741,405.949184181615,11.7872685656865
524,260.23248395124,1.41027874909604,405.990507143101,11.7800434422547
525,260.089319953909,1.39111717114871,405.964291210226,11.7693600013744
526,259.915319394913,1.37561708945265,405.953909312412,11.7765176790578
527,259.732076442293,1.30518420796055,405.911935231071,11.7841197310882
528,259.637601853097,1.32837033842258,405.904996531133,11.8088749967724
529,259.491050263763,1.35265989033263,405.881400287168,11.7801092119301
530,259.382617604129,1.34317103468435,405.871720693685,11.7653709928085
531,259.194703833536,1.34082524221043,405.807915320323,11.739034135802
532,259.049526413544,1.36418086356952,405.768726200599,11.7093337712248
533,258.936588871243,1.40180288255474,405.738030259459,11.6928404360218
534,258.810296257907,1.42091775663937,405.698518562472,11.7100863144755
535,258.598187862451,1.42873616326639,405.663331455008,11.7062926233606
536,258.469093702155,1.43856882563667,405.629846543547,11.7192982356956
537,258.339991818114,1.52436914461603,405.643615389641,11.6962165956001
538,258.218396199616,1.54333817272382,405.582352858896,11.7294904981623
539,258.076083216536,1.52662067911621,405.571101419526,11.7376061912938
540,257.909168461837,1.52493519764504,405.517129449616,11.7414425610398
541,257.816192035824,1.53381492657221,405.51632686778,11.718302418286
542,257.678413414703,1.54161396464018,405.502325433677,11.7093220990802
543,257.525905457612,1.5392855405358,405.483600089506,11.7426643743
544,257.381115413415,1.55879293479676,405.487103029977,11.719125144092
545,257.217718319227,1.59338381619466,405.481525978067,11.7039400634691
546,257.069984974981,1.52746462892238,405.481702688221,11.6724022786219
547,256.939747554881,1.57110811016705,405.491095879673,11.7115357106553
548,256.758093027052,1.6256433745818,405.487524055423,11.7214075195447
549,256.620590964652,1.56962024872703,405.476093670783,11.7400340173759
550,256.484026883526,1.54395290900159,405.479560414304,11.688444539665
551,256.378642040541,1.52970213582047,405.489389202314,11.7276415163992
552,256.238694364781,1.5579862161299,405.513097869697,11.783195638328
553,256.083255708196,1.54824303450351,405.498621119207,11.8012761310044
554,255.964748465517,1.54235419241299,405.513063990751,11.8423688916169
555,255.832187676514,1.56623362248019,405.492554637023,11.8167482577795
556,255.738994541361,1.58478077050767,405.441949501097,11.8012566056218
557,255.533633677066,1.60954098426658,405.38732438718,11.7525077918805
558,255.395286406103,1.58821894871936,405.371653405539,11.7882495029263
559,255.302081516529,1.58966152457697,405.329763827336,11.851702634916
560,255.17800781999,1.59462374574008,405.318030660192,11.8847748104924
561,255.018392552264,1.59329559482939,405.285154428595,11.8410003271519
562,254.800971857127,1.5557511957349,405.222047683768,11.8671649006488
563,254.699538670994,1.56214041065422,405.245060757023,11.8250599198657
564,254.547273450599,1.55722284237464,405.263368764356,11.8387975412686
565,254.40127839728,1.53590820887822,405.208355186393,11.7850483706951
566,254.280826243383,1.53582553755538,405.198094636798,11.8335551150042
567,254.080854469723,1.54625653012165,405.194625494394,11.829593330441
568,253.952882528543,1.56304606942205,405.189742457339,11.801000666686
569,253.786044803427,1.53941989439806,405.195266208298,11.8258228874484
570,253.692386038104,1.57429786734455,405.167288763732,11.8262684542184
571,253.569833427303,1.57317569560694,405.204040715407,11.8200850648165
572,253.460639073497,1.59415239261087,405.131570177188,11.8259048532864
573,253.354161521008,1.59101623416349,405.081578546997,11.8143110001526
574,253.230463855331,1.56754826209806,405.090754294525,11.7883337465371
575,253.091391651301,1.57420723153889,405.083201492327,11.8130103831837
576,252.959857154813,1.60892530691114,405.07394005857,11.7916237930765
577,252.816502372625,1.6353386147987,405.023950667381,11.7553918310318
578,252.704878867618,1.62421883323589,405.041242603429,11.7655825367335
579,252.601038722824,1.63980676039755,405.022996214025,11.700766667643
580,252.442812710682,1.6995965465128,405.04022396573,11.6947922849242
581,252.263515920646,1.67554738973329,405.024190802522,11.6483991907462
582,252.142173880448,1.69450720144552,405.015932490943,11.6060756012333
583,251.993256631871,1.65176387669136,404.979906791598,11.587899691046
584,251.880470450638,1.62704114702803,404.973851805519,11.6037391120804
585,251.771748902377,1.61153798862302,404.957666507151,11.5940336827963
586,251.656713021037,1.60829431143733,404.963529243611,11.6681057841187
587,251.515725680651,1.616839826519,404.897339752439,11.6643459660328
588,251.360487432047,1.64426306256065,404.882882226914,11.6778391179504
589,251.218832910698,1.6375664096666,404.858753859184,11.651443969929
590,251.053432853906,1.64300462342753,404.771078665352,11.6319865847207
591,250.907023351119,1.69723571039842,404.793314303342,11.562676478704
592,250.806593542983,1.72402334933048,404.776562202517,11.5799613376722
593,250.711745923759,1.73890923517762,404.744146668497,11.5591180122502
594,250.565464089198,1.74240137471486,404.721185167966,11.578463811175
595,250.395446734813,1.7143317616187,404.659092675079,11.6077146492782
596,250.242432204551,1.72504949368142,404.684700222628,11.5832777850735
597,250.119180692253,1.74841428260328,404.650501562146,11.593449947159
598,249.985705586561,1.73575232219519,404.616116081595,11.5951105193215
599,249.862495827182,1.74325674451861,404.605133545189,11.5971557428547
600,249.698258792923,1.81192658668968,404.585336583088,11.5905486475691
601,249.601106596636,1.79190359403587,404.570968763566,11.5958663829367
602,249.475004592883,1.78435377708662,404.543563544118,11.5792492357474
603,249.390246188227,1.79631684549078,404.542666105524,11.547286312759
604,249.280021264784,1.83000751730272,404.543726301931,11.562657417639
605,249.112111140754,1.82572204966552,404.519141638054,11.5453224872077
606,248.998463603194,1.82865135385254,404.557202566775,11.5296067026261
607,248.869654637708,1.80349296185003,404.545783114595,11.5339611905323
608,248.745355517671,1.83010993345358,404.519214096184,11.5449780049748
609,248.617522788803,1.81202252131544,404.533070193386,11.5354327715514
610,248.506280248096,1.8212496580476,404.531027924106,11.5510795062785
611,248.385870621502,1.86306401552597,404.496025014306,11.4986117945264
612,248.242385584474,1.85841227264262,404.471520027087,11.4720013350874
613,248.096176222859,1.85437091098657,404.502114128727,11.4041510613484
614,247.990228203622,1.86145386195417,404.49331857076,11.3732021700473
615,247.868922887343,1.87245450898774,404.49169350348,11.3342542366114
616,247.708797852698,1.84793093578288,404.440700235279,11.3835584199813
617,247.574198019592,1.8479553858439,404.350040282696,11.4061312770902
618,247.437091714198,1.87451528692623,404.354163591813,11.4088957576679
619,247.347205229645,1.89843351414512,404.336710760588,11.3985104657387
620,247.195350854546,1.86603811057486,404.318342257473,11.3987796493198
621,247.080082678726,1.91362500146562,404.351332408793,11.380356069296
622,246.936416519998,1.91918018753427,404.27574942987,11.3117770672506
623,246.83347317052,1.92709223855966,404.257220521359,11.32315644876
624,246.693161161247,1.97222452740714,404.235877022067,11.3033858432056
625,246.566416409281,1.94123898653975,404.189221361138,11.2903823138303
626,246.434066035631,1.94716201466489,404.136865253763,11.3020928639903
627,246.300721810028,1.9105143981212,404.166214336747,11.2768580065587
628,246.206873749401,1.91662819472164,404.13264897647,11.3103281361426
629,246.084395790872,1.92329259117348,404.132969317028,11.3144240304546
630,245.986097665742,1.92625837513089,404.164733377321,11.3449080754863
631,245.81455658002,1.91648042943884,404.143988236069,11.3212451778634
632,245.719295736408,1.93393077136786,404.125202464309,11.3026956347845
633,245.6222324066,1.96050091979159,404.125005357219,11.3129583395963
634,245.53186554934,1.98994409415627,404.119708454985,11.2862119753208
635,245.426428549274,1.99053778615804,404.147780510869,11.2724342374766
636,245.349471820641,2.01196703791287,404.147183004706,11.2731736246986
637,245.215028622955,2.0405713393237,404.160356567537,11.3018556590633
638,245.085545465354,2.03991511641816,404.177962878215,11.290414789296
639,244.971846054556,2.04259855271077,404.196072107076,11.2908948784853
640,244.859971727538,2.06936726863516,404.193477087272,11.2979357245497
641,244.691487016829,2.08557551587266,404.18622962705,11.3152257557498
642,244.572161267605,2.0921078300719,404.221221437362,11.3292212964231
643,244.479722304578,2.1273442488046,404.2298677807,11.2955083914227
644,244.358461475791,2.09667439033338,404.262622420842,11.2791934109774
645,244.231460138421,2.0951676335447,404.216796189494,11.2782262782433
646,244.067671735831,2.06067680306194,404.258686160533,11.2307023585846
647,243.97515413774,2.07186206616765,404.286699915666,11.2051041764729
648,243.857005495742,2.06447864962196,404.331395371215,11.1898417535141
649,243.718064579208,2.07318040656895,404.296926463888,11.1318485838978
650,243.546853112751,2.07927069660522,404.236695306258,11.1340834834538
651,243.427320206513,2.10377689384132,404.254629976352,11.1535238170355
652,243.335241045352,2.08324475097565,404.235588291644,11.1582364609562
653,243.219171742158,2.09132202738317,404.198348565768,11.170842770012
654,243.07572639243,2.09451038454454,404.187029022003,11.1769704304487
655,242.945407726465,2.10251558439673,404.163729573572,11.1770370816167
656,242.835954874536,2.10838537356143,404.169201056496,11.1538040277397
657,242.701765390106,2.12177776237724,404.165843727901,11.1336043994585
658,242.60683212973,2.10319818031379,404.150373971967,11.1415644497292
659,242.48595768365,2.11143642894522,404.125780042503,11.1735281431933
660,242.392291209855,2.08806676581638,404.131183694974,11.1861827275018
661,242.268408445631,2.12310129217498,404.103104029358,11.1948251821953
662,242.130559288895,2.1402856081504,404.100956725022,11.2099231165649
663,242.00457725616,2.13761557118251,404.105385993909,11.1212880303424
664,241.875632925676,2.11733249813769,404.09007469128,11.0682981480548
665,241.770344381691,2.12608226694144,404.100675545335,11.1156963250364
666,241.676671787463,2.14142960264961,404.110505505721,11.0576193032687
667,241.56161281621,2.16350226305325,404.095104621908,11.0779488831373
668,241.454987546222,2.18424453204612,404.132472739052,11.0689264865449
669,241.324725932008,2.20696838046264,404.117032860918,11.052373196229
670,241.233027037885,2.19166356351992,404.099674427003,11.0101334922847
671,241.168648247864,2.17877624741996,404.136672718558,11.0405841763429
672,241.023241917372,2.14625236800008,404.123915128365,11.0550003507559
673,240.93683084992,2.16487460626167,404.127341350163,11.0661386537237
674,240.80786006622,2.1755966527788,404.106626348245,11.0150895646709
675,240.646535960395,2.18262122283447,404.118896900399,11.0450157774753
676,240.535609891878,2.16532870980656,404.12571332162,11.0398516601806
677,240.396163615524,2.15908691857243,404.117400452369,11.0023951353171
678,240.282402111134,2.15499437293002,404.105878649395,11.0271051352514
679,240.180374569657,2.14597453739211,404.111711857376,11.0131502272003
680,240.08332424976,2.16443192325762,404.056542296173,11.0401025120487
681,239.930845659402,2.17302995422477,404.06514841765,11.0409072115845
682,239.836543945399,2.17477765476582,404.060654600075,11.0295547100682
683,239.726707404663,2.19472356933957,404.064597225081,11.0178546970808
684,239.619941791067,2.18735971536511,404.048497705476,11.0016594799981
685,239.512400520925,2.14454375484285,404.067834600229,11.012745811787
686,239.374787794123,2.13270196959392,404.071128051048,11.0079229444978
687,239.265350704839,2.14504583681517,404.028457237915,10.9591812533394
688,239.156181250055,2.13271672586636,404.027459222952,10.9319129348627
689,239.051989307523,2.10069559815847,404.030030800192,10.9491058666697
690,238.945425047651,2.09421609586807,404.062525441229,10.9009344351215
691,238.768947957404,2.10066850538248,404.056879530907,10.8728701582394
692,238.650241884592,2.12742468582881,404.111196899029,10.8687524705192
693,238.523477075611,2.13402693805419,404.133705145346,10.9336221579644
694,238.401103931813,2.12041876951103,404.131983882378,10.9648418427447
695,238.316843578113,2.15575961594427,404.125032373722,10.945155265721
696,238.185198975358,2.14176950180701,404.091521389155,10.9504255519507
697,238.075026131768,2.16145003005365,404.087387949277,10.9393698239364
698,237.945486047615,2.18683941598055,404.04859868502,10.913257897921
699,237.840578359429,2.17609848084748,404.037359125277,10.8898856926083
700,237.715437069257,2.1801159543969,404.04610239582,10.8424930607681
701,237.607302451182,2.18827474964484,404.025676993289,10.8248292555239
702,237.51999771789,2.19762204884671,404.001204295689,10.7963168387526
703,237.379331938989,2.20511777032092,403.974893277513,10.765254766642
704,237.264305416157,2.23397652377747,403.964097842337,10.7890878888296
705,237.127496489276,2.24876966263615,403.909133127229,10.7894198656811
706,236.995966002109,2.25856615780645,403.901489575133,10.7442153937941
707,236.895830966849,2.24513069247358,403.871767820135,10.7730582562464
708,236.787587024701,2.27674036712096,403.897108134189,10.7103112393661
709,236.623109626589,2.26109574032896,403.86029969338,10.7331047732747
710,236.510831125128,2.26941919392325,403.91160167971,10.746558742701
711,236.386628927398,2.2828110719082,403.938125548559,10.7671674445187
712,236.263808319764,2.2828566822853,403.939031178021,10.7112827857364
713,236.168145026616,2.30848835041042,403.934612121091,10.674403056268
714,236.081709431125,2.3023474298177,403.966065798729,10.6711602118224
715,235.948372866672,2.31571241661046,403.949505275131,10.6653903379326
716,235.83470538334,2.26984774201344,403.94788032604,10.7106399932207
717,235.727155755446,2.30031111833272,403.978979571496,10.6944726303916
718,235.591981490562,2.29301154265054,403.973849084461,10.6790016191537
719,235.488690896095,2.3041609442912,403.953479831112,10.6647170340415
720,235.372818729672,2.2796754398983,403.948146056141,10.6304028255089
721,235.254826497958,2.30446088949959,403.961729942882,10.5922248972753
722,235.142063538609,2.30431973879456,403.933287840446,10.6118966570498
723,235.049192748599,2.28380613768922,403.95389387363,10.6275581752745
724,234.933216324005,2.27873175726604,403.958715704773,10.6257390402505
725,234.807799960356,2.30874883205064,403.958789662499,10.6286394651537
726,234.695630550607,2.30778436536998,403.981742043965,10.6113656042013
727,234.541716989296,2.29490087907296,403.988858712521,10.6673078698128
728,234.405528457743,2.28347449679422,403.976643846633,10.6865921082596
729,234.288666878579,2.25473158395031,403.95091275225,10.6722203765273
730,234.217647377222,2.24618351447544,403.967406726025,10.6335912081011
731,234.108156060469,2.24513248099422,403.92868756313,10.6199541969212
732,233.963012655837,2.20586346556459,403.917496495171,10.6079939262088
733,233.887262451064,2.17325553586838,403.912862854569,10.5908279669729
734,233.789500576239,2.17133047299039,403.921878950584,10.5654546555692
735,233.692828463145,2.1648419813776,403.933778605867,10.5422412022518
736,233.595438768794,2.17821403954499,403.922293066974,10.5628971174043
737,233.480371378037,2.15684602827151,403.91209546153,10.6031912428685
738,233.372285402246,2.13597457098743,403.914800863394,10.6255383701346
739,233.258269086749,2.16699743775126,403.876221787029,10.6395508323977
740,233.17478225084,2.14595991623857,403.896705923058,10.6039619740579
741,233.075900762645,2.13239207758082,403.898397210607,10.6571067624277
742,232.971394412808,2.10480768072998,403.900900026568,10.6301186397797
743,232.887807986956,2.07935412678413,403.873366418352,10.6432529207152
744,232.791288344283,2.07773699873707,403.874529191784,10.6663930523683
745,232.683283670129,2.07717433752981,403.851247264844,10.6970592455964
746,232.590704431749,2.07933607009506,403.814620043032,10.680113451195
747,232.478300342802,2.07506716251135,403.802557945784,10.6981362797704
748,232.379788332994,2.08935204659439,403.816747954198,10.6666611541411
749,232.231992985754,2.10355871210531,403.797508410858,10.6212441342138
750,232.107727039186,2.10613608332272,403.848810259484,10.6172264889467
751,231.927023845294,2.08570201112655,403.849406554341,10.6405560224787
752,231.841068498001,2.07666083942312,403.846062907661,10.6362692724535
753,231.775026141908,2.08920515304558,403.830576626275,10.6527534297663
754,231.63226864043,2.0822772692644,403.83027251645,10.6869017190504
755,231.549797918543,2.10475889876937,403.817788066637,10.6655133070696
756,231.474645732672,2.08289806387457,403.826558641788,10.6783747864954
757,231.390238062233,2.07857056707333,403.82658557129,10.679458438329
758,231.266015167709,2.08989094914057,403.783573313375,10.6857502398099
759,231.176659153555,2.0855503398562,403.797126580096,10.6833169279111
760,231.061638779028,2.09160225162273,403.758867015787,10.6820057539079
761,230.948979784873,2.09229254159592,403.78089982355,10.6454353656587
762,230.858990413417,2.09818970956022,403.805460516172,10.6149066763548
763,230.774200581484,2.08911334112205,403.827354722481,10.6015462155383
764,230.689391774598,2.10516646187119,403.846932013715,10.5754277388008
765,230.554535887517,2.1058780449049,403.807686526345,10.5638816946432
766,230.413267899737,2.09793943291096,403.842402005251,10.5681476540775
767,230.300137349378,2.07040661546743,403.841922446318,10.5666086848747
768,230.182776566741,2.09603392383623,403.827371049787,10.582158071864
769,230.100285681462,2.07023007325455,403.833044305363,10.5851033312416
770,229.964829655002,2.09719666191501,403.828176148022,10.6115443512872
771,229.839387354674,2.07865444169827,403.787100817915,10.6114719783962
772,229.755809671282,2.07853786450184,403.805133334225,10.5679158708774
773,229.627112719277,2.06996970118798,403.749190690574,10.5456512886058
774,229.531874776805,2.06055865080823,403.743215681128,10.5172134488901
775,229.424141261524,2.07134528037819,403.712766594547,10.575715389216
776,229.328805157194,2.09823166545325,403.725762135603,10.605458978646
777,229.190259965324,2.11294408735343,403.753368694759,10.5985739525455
778,229.064763987025,2.08389314533229,403.734023297762,10.551636788916
779,228.958008414923,2.10537221491884,403.746831593355,10.5211303970263
780,228.853307155261,2.07441549576862,403.780266303659,10.4995874653405
781,228.759183970689,2.0716536380001,403.760708092986,10.4737228313529
782,228.663888809246,2.07395699031271,403.771548609852,10.4990361081649
783,228.515013947849,2.04835787367444,403.755381096345,10.4986685244743
784,228.432340031826,2.06854641954547,403.747048971919,10.4869045811508
785,228.317760093662,2.05067953947505,403.771035123638,10.4440367484576
786,228.197727009378,2.05720209531562,403.754201781838,10.4551011277354
787,228.09053256623,2.06637627158431,403.777644777379,10.4417745555191
788,227.981469564624,2.08003461587026,403.791631403928,10.4503542063201
789,227.89566994518,2.07305927917073,403.819599486672,10.4458990073768
790,227.803682840631,2.09447003653046,403.858999659846,10.3904943856356
791,227.737849616219,2.0959537312565,403.848963103392,10.389758774113
792,227.640025777506,2.11597753320557,403.856659649546,10.3689574583501
793,227.517500760958,2.1179764610776,403.831585880745,10.3706362843266
794,227.410638915438,2.09062288138177,403.861760661472,10.353233415718
795,227.289171246375,2.07880119395296,403.872061826764,10.3412905979654
796,227.168208795426,2.10337415418606,403.859054579515,10.354390616652
797,227.084547615733,2.10973060304398,403.851729394321,10.3530417053026
798,226.964651296379,2.1157739792063,403.833464228241,10.3700588576626
799,226.891172224809,2.12727508995537,403.855400067826,10.3981761870239
800,226.764553117824,2.12881483003499,403.823382855977,10.3759168807718
801,226.688193709622,2.11795807576602,403.840954926218,10.4343120829516
802,226.612940845463,2.10240349437103,403.81163946681,10.4344098330513
803,226.512738660432,2.11604555573517,403.836454338037,10.4543188960357
804,226.422179107555,2.10643920658668,403.8368532813,10.5159803847598
805,226.350416651712,2.10779727405682,403.812289264296,10.5389837540568
806,226.266075707393,2.10659846573156,403.812402975485,10.5361692894455
807,226.179739241482,2.09167628887822,403.808536235713,10.540238497233
808,226.069300497877,2.08973547404195,403.793192943896,10.5287631650356
809,225.967328039512,2.10335935980154,403.758741704488,10.5084448668489
810,225.83809054702,2.05808765547579,403.796409312049,10.5436902180293
811,225.730960210024,2.06625110830763,403.805186985172,10.5201727857343
812,225.614630958232,2.07712539276323,403.84459763372,10.4788872587805
813,225.458510824296,2.08737580991354,403.809466368317,10.4743747649707
814,225.397353959707,2.08140050037467,403.825949037189,10.4512826441449
815,225.296467113454,2.0772616113445,403.843798119992,10.4191019489715
816,225.182810746305,2.0751349570139,403.793775017358,10.3846270501568
817,225.094339533392,2.06551384907905,403.796682424066,10.4055366732729
818,224.952440923776,2.0652899415808,403.86911796672,10.3758293040283
819,224.867859194931,2.04638340468287,403.866576922546,10.3764826431749
820,224.800322672798,2.04170996920822,403.89813265192,10.355162800937
821,224.715557660005,2.05726501984716,403.868709882634,10.3374228765919
822,224.634743540924,2.05409155984962,403.855379291807,10.3042435292711
823,224.53835383078,2.03805317780587,403.864494415402,10.2738030574754
824,224.425593171634,1.99258292331543,403.836460800289,10.2546466103451
825,224.34556221587,2.0077708111778,403.859463532638,10.2513376907526
